id,status,claim,context,sentence,rationale
1,1,"Patient has diabetes","Patient presents with elevated blood glucose levels of 180 mg/dL, increased thirst, and frequent urination.","Patient presents with elevated blood glucose levels of 180 mg/dL","Blood glucose level above 126 mg/dL on multiple tests is diagnostic of diabetes, and this patient shows 180 mg/dL which clearly exceeds the threshold."
2,1,"Medication A is effective","Clinical trial showed 75% improvement in symptoms with Medication A compared to 25% with placebo (p<0.001).","75% improvement in symptoms with Medication A compared to 25% with placebo (p<0.001)","The statistically significant difference (p<0.001) and large effect size (75% vs 25%) provide strong evidence of effectiveness."
3,1,"Patient requires surgery","CT scan reveals acute appendicitis with signs of perforation and peritonitis.","CT scan reveals acute appendicitis with signs of perforation","Perforated appendicitis is a surgical emergency that requires immediate intervention to prevent sepsis and death."
4,0,"Patient has flu","Patient reports general malaise and fatigue for 2 days.","","The symptoms are too nonspecific and could indicate many conditions; no definitive evidence for influenza diagnosis."
5,1,"Treatment improved outcome","Follow-up examination at 6 weeks showed complete resolution of infection with WBC count normalized to 7.2.","Follow-up examination at 6 weeks showed complete resolution of infection with WBC count normalized to 7.2","The normalization of WBC count and complete resolution of infection are objective evidence of successful treatment."
6,0,"Diagnosis is confirmed","Patient self-reports occasional headaches.","","Self-reported occasional headaches without clinical examination, imaging, or other diagnostic tests cannot confirm any specific diagnosis."
7,1,"Genetic mutation detected","Genetic testing identified BRCA1 mutation c.68_69delAG in exon 2.","Genetic testing identified BRCA1 mutation c.68_69delAG in exon 2","The specific mutation identified through validated genetic testing provides definitive molecular evidence."
8,1,"Infection is present","Blood culture shows growth of Staphylococcus aureus with colony count >10^5 CFU/mL.","Blood culture shows growth of Staphylococcus aureus with colony count >10^5 CFU/mL","Positive blood culture with significant colony count is definitive microbiological evidence of bacteremia."
9,0,"Patient needs medication","Patient mentions feeling stressed at work.","","Feeling stressed is subjective and doesn't provide medical evidence for medication necessity without proper psychiatric evaluation."
10,1,"Fracture confirmed","X-ray imaging demonstrates displaced fracture of the distal radius with 15-degree angulation.","X-ray imaging demonstrates displaced fracture of the distal radius with 15-degree angulation","Radiographic evidence showing the fracture with specific measurements provides definitive diagnostic confirmation."
